{
  "version": "0.3.8",
  "timestamp": "2026-07-03 08:26:41Z",
  "latency_mode": "generation",
  "latency_ms": 1.575139001943171,
  "model": "Qwen/Qwen2.5-0.5B-Instruct",
  "prefix_caching_enabled": true,
  "max_concurrency": 1,
  "benchmarks": [
    {
      "concurrency": 1,
      "context_size": 1024,
      "prompt_size": 1024,
      "response_size": 1024,
      "is_context_prefill_phase": true,
      "pp_throughput": null,
      "pp_req_throughput": null,
      "tg_throughput": {
        "mean": 8.403341009802162,
        "std": 0.0,
        "values": [
          8.403341009802162
        ]
      },
      "tg_req_throughput": {
        "mean": 8.403341009802162,
        "std": 0.0,
        "values": [
          8.403341009802162
        ]
      },
      "peak_throughput": {
        "mean": 12.0,
        "std": 0.0,
        "values": [
          12.0
        ]
      },
      "peak_req_throughput": {
        "mean": 12.0,
        "std": 0.0,
        "values": [
          12.0
        ]
      },
      "ttfr": {
        "mean": 0.9371670021209866,
        "std": 0.0,
        "values": [
          0.9371670021209866
        ]
      },
      "est_ppt": {
        "mean": 0.0,
        "std": 0.0,
        "values": [
          0.0
        ]
      },
      "e2e_ttft": {
        "mean": 65689.65458299499,
        "std": 0.0,
        "values": [
          65689.65458299499
        ]
      },
      "throughput_over_time": null,
      "requests_throughput_over_time": null
    },
    {
      "concurrency": 1,
      "context_size": 1024,
      "prompt_size": 1024,
      "response_size": 1024,
      "is_context_prefill_phase": false,
      "pp_throughput": {
        "mean": 789573.3101737186,
        "std": 0.0,
        "values": [
          789573.3101737186
        ]
      },
      "pp_req_throughput": {
        "mean": 789573.3101737186,
        "std": 0.0,
        "values": [
          789573.3101737186
        ]
      },
      "tg_throughput": {
        "mean": 5.991473310590893,
        "std": 0.0,
        "values": [
          5.991473310590893
        ]
      },
      "tg_req_throughput": {
        "mean": 5.991473310590893,
        "std": 0.0,
        "values": [
          5.991473310590893
        ]
      },
      "peak_throughput": {
        "mean": 8.0,
        "std": 0.0,
        "values": [
          8.0
        ]
      },
      "peak_req_throughput": {
        "mean": 8.0,
        "std": 0.0,
        "values": [
          8.0
        ]
      },
      "ttfr": {
        "mean": 2.872042008675635,
        "std": 0.0,
        "values": [
          2.872042008675635
        ]
      },
      "est_ppt": {
        "mean": 1.2969030067324638,
        "std": 0.0,
        "values": [
          1.2969030067324638
        ]
      },
      "e2e_ttft": {
        "mean": 114978.51858299691,
        "std": 0.0,
        "values": [
          114978.51858299691
        ]
      },
      "throughput_over_time": null,
      "requests_throughput_over_time": null
    }
  ]
}