{
  "version": "0.3.8",
  "timestamp": "2026-07-03 08:03:11Z",
  "latency_mode": "generation",
  "latency_ms": 1.640333328396082,
  "model": "Qwen/Qwen2.5-0.5B-Instruct",
  "prefix_caching_enabled": true,
  "max_concurrency": 1,
  "benchmarks": [
    {
      "concurrency": 1,
      "context_size": 512,
      "prompt_size": 512,
      "response_size": 512,
      "is_context_prefill_phase": true,
      "pp_throughput": null,
      "pp_req_throughput": null,
      "tg_throughput": {
        "mean": 12.861305077776295,
        "std": 0.0,
        "values": [
          12.861305077776295
        ]
      },
      "tg_req_throughput": {
        "mean": 12.861305077776295,
        "std": 0.0,
        "values": [
          12.861305077776295
        ]
      },
      "peak_throughput": {
        "mean": 16.0,
        "std": 0.0,
        "values": [
          16.0
        ]
      },
      "peak_req_throughput": {
        "mean": 16.0,
        "std": 0.0,
        "values": [
          16.0
        ]
      },
      "ttfr": {
        "mean": 0.9379580151289701,
        "std": 0.0,
        "values": [
          0.9379580151289701
        ]
      },
      "est_ppt": {
        "mean": 0.0,
        "std": 0.0,
        "values": [
          0.0
        ]
      },
      "e2e_ttft": {
        "mean": 26284.78337501292,
        "std": 0.0,
        "values": [
          26284.78337501292
        ]
      },
      "throughput_over_time": null,
      "requests_throughput_over_time": null
    },
    {
      "concurrency": 1,
      "context_size": 512,
      "prompt_size": 512,
      "response_size": 512,
      "is_context_prefill_phase": false,
      "pp_throughput": {
        "mean": 439830.93100852775,
        "std": 0.0,
        "values": [
          439830.93100852775
        ]
      },
      "pp_req_throughput": {
        "mean": 439830.93100852775,
        "std": 0.0,
        "values": [
          439830.93100852775
        ]
      },
      "tg_throughput": {
        "mean": 9.919268116863092,
        "std": 0.0,
        "values": [
          9.919268116863092
        ]
      },
      "tg_req_throughput": {
        "mean": 9.919268116863092,
        "std": 0.0,
        "values": [
          9.919268116863092
        ]
      },
      "peak_throughput": {
        "mean": 12.0,
        "std": 0.0,
        "values": [
          12.0
        ]
      },
      "peak_req_throughput": {
        "mean": 12.0,
        "std": 0.0,
        "values": [
          12.0
        ]
      },
      "ttfr": {
        "mean": 2.8044169885106385,
        "std": 0.0,
        "values": [
          2.8044169885106385
        ]
      },
      "est_ppt": {
        "mean": 1.1640836601145566,
        "std": 0.0,
        "values": [
          1.1640836601145566
        ]
      },
      "e2e_ttft": {
        "mean": 38107.45904198848,
        "std": 0.0,
        "values": [
          38107.45904198848
        ]
      },
      "throughput_over_time": null,
      "requests_throughput_over_time": null
    }
  ]
}