{
  "version": "0.3.8",
  "timestamp": "2026-07-02 19:39:48Z",
  "latency_mode": "generation",
  "latency_ms": 1.0912360060804833,
  "model": "Qwen/Qwen2.5-0.5B-Instruct",
  "prefix_caching_enabled": false,
  "max_concurrency": 4,
  "benchmarks": [
    {
      "concurrency": 1,
      "context_size": 0,
      "prompt_size": 512,
      "response_size": 256,
      "is_context_prefill_phase": false,
      "pp_throughput": null,
      "pp_req_throughput": null,
      "tg_throughput": {
        "mean": 13.845706460678903,
        "std": 0.0,
        "values": [
          13.845706460678903
        ]
      },
      "tg_req_throughput": {
        "mean": 13.845706460678903,
        "std": 0.0,
        "values": [
          13.845706460678903
        ]
      },
      "peak_throughput": {
        "mean": 16.0,
        "std": 0.0,
        "values": [
          16.0
        ]
      },
      "peak_req_throughput": {
        "mean": 16.0,
        "std": 0.0,
        "values": [
          16.0
        ]
      },
      "ttfr": {
        "mean": 0.9334160131402314,
        "std": 0.0,
        "values": [
          0.9334160131402314
        ]
      },
      "est_ppt": {
        "mean": 0.0,
        "std": 0.0,
        "values": [
          0.0
        ]
      },
      "e2e_ttft": {
        "mean": 27133.968958019977,
        "std": 0.0,
        "values": [
          27133.968958019977
        ]
      },
      "throughput_over_time": null,
      "requests_throughput_over_time": null
    },
    {
      "concurrency": 2,
      "context_size": 0,
      "prompt_size": 512,
      "response_size": 256,
      "is_context_prefill_phase": false,
      "pp_throughput": {
        "mean": 18.927790648987838,
        "std": 0.0,
        "values": [
          18.927790648987838
        ]
      },
      "pp_req_throughput": {
        "mean": 906703.0475324027,
        "std": 0.0,
        "values": [
          906703.0475324027
        ]
      },
      "tg_throughput": {
        "mean": 13.708942744578492,
        "std": 0.0,
        "values": [
          13.708942744578492
        ]
      },
      "tg_req_throughput": {
        "mean": 13.708942744578492,
        "std": 0.0,
        "values": [
          13.708942744578492
        ]
      },
      "peak_throughput": {
        "mean": 16.0,
        "std": 0.0,
        "values": [
          16.0
        ]
      },
      "peak_req_throughput": {
        "mean": 16.0,
        "std": 0.0,
        "values": [
          16.0
        ]
      },
      "ttfr": {
        "mean": 1.6581250238232315,
        "std": 0.0,
        "values": [
          1.6581250238232315
        ]
      },
      "est_ppt": {
        "mean": 0.5668890177427481,
        "std": 0.0,
        "values": [
          0.5668890177427481
        ]
      },
      "e2e_ttft": {
        "mean": 27155.83712499938,
        "std": 0.0,
        "values": [
          27155.83712499938
        ]
      },
      "throughput_over_time": null,
      "requests_throughput_over_time": null
    },
    {
      "concurrency": 4,
      "context_size": 0,
      "prompt_size": 512,
      "response_size": 256,
      "is_context_prefill_phase": false,
      "pp_throughput": {
        "mean": 18.86386881727333,
        "std": 0.0,
        "values": [
          18.86386881727333
        ]
      },
      "pp_req_throughput": {
        "mean": 306863.1039867744,
        "std": 0.0,
        "values": [
          306863.1039867744
        ]
      },
      "tg_throughput": {
        "mean": 13.745350205756473,
        "std": 0.0,
        "values": [
          13.745350205756473
        ]
      },
      "tg_req_throughput": {
        "mean": 13.745350205756473,
        "std": 0.0,
        "values": [
          13.745350205756473
        ]
      },
      "peak_throughput": {
        "mean": 16.0,
        "std": 0.0,
        "values": [
          16.0
        ]
      },
      "peak_req_throughput": {
        "mean": 16.0,
        "std": 0.0,
        "values": [
          16.0
        ]
      },
      "ttfr": {
        "mean": 2.7662500215228647,
        "std": 0.0,
        "values": [
          2.7662500215228647
        ]
      },
      "est_ppt": {
        "mean": 1.6750140154423814,
        "std": 0.0,
        "values": [
          1.6750140154423814
        ]
      },
      "e2e_ttft": {
        "mean": 27247.85700000939,
        "std": 0.0,
        "values": [
          27247.85700000939
        ]
      },
      "throughput_over_time": null,
      "requests_throughput_over_time": null
    }
  ]
}