{
  "version": "0.3.8",
  "timestamp": "2026-07-02 18:55:05Z",
  "latency_mode": "none",
  "latency_ms": 0.0,
  "model": "Qwen/Qwen2.5-0.5B-Instruct",
  "prefix_caching_enabled": false,
  "max_concurrency": 1,
  "benchmarks": [
    {
      "concurrency": 1,
      "context_size": 0,
      "prompt_size": 16,
      "response_size": 8,
      "is_context_prefill_phase": false,
      "pp_throughput": {
        "mean": 5806.4823346706535,
        "std": 0.0,
        "values": [
          5806.4823346706535
        ]
      },
      "pp_req_throughput": {
        "mean": 5806.4823346706535,
        "std": 0.0,
        "values": [
          5806.4823346706535
        ]
      },
      "tg_throughput": {
        "mean": 0.4396310243715505,
        "std": 0.0,
        "values": [
          0.4396310243715505
        ]
      },
      "tg_req_throughput": {
        "mean": 0.4396310243715505,
        "std": 0.0,
        "values": [
          0.4396310243715505
        ]
      },
      "peak_throughput": {
        "mean": 1.0,
        "std": 0.0,
        "values": [
          1.0
        ]
      },
      "peak_req_throughput": {
        "mean": 1.0,
        "std": 0.0,
        "values": [
          1.0
        ]
      },
      "ttfr": {
        "mean": 2.755540976068005,
        "std": 0.0,
        "values": [
          2.755540976068005
        ]
      },
      "est_ppt": {
        "mean": 2.755540976068005,
        "std": 0.0,
        "values": [
          2.755540976068005
        ]
      },
      "e2e_ttft": {
        "mean": 52699.25154099474,
        "std": 0.0,
        "values": [
          52699.25154099474
        ]
      },
      "throughput_over_time": null,
      "requests_throughput_over_time": null
    }
  ]
}