{
  "version": "0.3.8",
  "timestamp": "2026-07-02 19:47:47Z",
  "latency_mode": "generation",
  "latency_ms": 1.0357779974583536,
  "model": "Qwen/Qwen2.5-0.5B-Instruct",
  "prefix_caching_enabled": false,
  "max_concurrency": 4,
  "benchmarks": [
    {
      "concurrency": 1,
      "context_size": 0,
      "prompt_size": 512,
      "response_size": 256,
      "is_context_prefill_phase": false,
      "pp_throughput": null,
      "pp_req_throughput": null,
      "tg_throughput": {
        "mean": 13.520923091874657,
        "std": 0.0,
        "values": [
          13.520923091874657
        ]
      },
      "tg_req_throughput": {
        "mean": 13.520923091874657,
        "std": 0.0,
        "values": [
          13.520923091874657
        ]
      },
      "peak_throughput": {
        "mean": 15.0,
        "std": 0.0,
        "values": [
          15.0
        ]
      },
      "peak_req_throughput": {
        "mean": 15.0,
        "std": 0.0,
        "values": [
          15.0
        ]
      },
      "ttfr": {
        "mean": 0.9005000174511224,
        "std": 0.0,
        "values": [
          0.9005000174511224
        ]
      },
      "est_ppt": {
        "mean": 0.0,
        "std": 0.0,
        "values": [
          0.0
        ]
      },
      "e2e_ttft": {
        "mean": 27633.75150001957,
        "std": 0.0,
        "values": [
          27633.75150001957
        ]
      },
      "throughput_over_time": null,
      "requests_throughput_over_time": null
    },
    {
      "concurrency": 2,
      "context_size": 0,
      "prompt_size": 512,
      "response_size": 256,
      "is_context_prefill_phase": false,
      "pp_throughput": {
        "mean": 13.735845805401992,
        "std": 0.0,
        "values": [
          13.735845805401992
        ]
      },
      "pp_req_throughput": {
        "mean": 173004.77678139496,
        "std": 172993.85761579435,
        "values": [
          10.919165600618586,
          345998.6343971893
        ]
      },
      "tg_throughput": {
        "mean": 7.803494064960598,
        "std": 0.0,
        "values": [
          7.803494064960598
        ]
      },
      "tg_req_throughput": {
        "mean": 13.613904487505575,
        "std": 0.0372775558624765,
        "values": [
          13.65118204336805,
          13.576626931643098
        ]
      },
      "peak_throughput": {
        "mean": 16.0,
        "std": 0.0,
        "values": [
          16.0
        ]
      },
      "peak_req_throughput": {
        "mean": 16.0,
        "std": 0.0,
        "values": [
          16.0,
          16.0
        ]
      },
      "ttfr": {
        "mean": 23446.793436989537,
        "std": 23444.2721039959,
        "values": [
          46891.06554098544,
          2.5213329936377704
        ]
      },
      "est_ppt": {
        "mean": 23445.75765899208,
        "std": 23444.2721039959,
        "values": [
          46890.02976298798,
          1.4855549961794168
        ]
      },
      "e2e_ttft": {
        "mean": 51357.015937494,
        "std": 23338.056687483913,
        "values": [
          74695.07262497791,
          28018.959250010084
        ]
      },
      "throughput_over_time": null,
      "requests_throughput_over_time": null
    },
    {
      "concurrency": 4,
      "context_size": 0,
      "prompt_size": 512,
      "response_size": 256,
      "is_context_prefill_phase": false,
      "pp_throughput": {
        "mean": 12.333808695731271,
        "std": 0.0,
        "values": [
          12.333808695731271
        ]
      },
      "pp_req_throughput": {
        "mean": 47050.05050873675,
        "std": 81481.30943576507,
        "values": [
          5.5618532462635075,
          11.122386214892574,
          188179.81823946454,
          3.6995560213249576
        ]
      },
      "tg_throughput": {
        "mean": 6.460806574464915,
        "std": 0.0,
        "values": [
          6.460806574464915
        ]
      },
      "tg_req_throughput": {
        "mean": 13.615371967698668,
        "std": 0.04971667333542406,
        "values": [
          13.53089238087067,
          13.64671239301586,
          13.62859834161618,
          13.655284755291962
        ]
      },
      "peak_throughput": {
        "mean": 16.0,
        "std": 0.0,
        "values": [
          16.0
        ]
      },
      "peak_req_throughput": {
        "mean": 16.0,
        "std": 0.0,
        "values": [
          16.0,
          16.0,
          16.0,
          16.0
        ]
      },
      "ttfr": {
        "mean": 69325.27608349483,
        "std": 51755.24932869475,
        "values": [
          92236.47912498564,
          46124.23183399369,
          3.767207992495969,
          138936.6261670075
        ]
      },
      "est_ppt": {
        "mean": 69324.24030549737,
        "std": 51755.24932869475,
        "values": [
          92235.44334698818,
          46123.19605599623,
          2.7314299950376153,
          138935.59038901003
        ]
      },
      "e2e_ttft": {
        "mean": 96832.88235425425,
        "std": 51893.18509762479,
        "values": [
          120005.70229199366,
          73460.41454200167,
          27332.638499996392,
          166532.7740830253
        ]
      },
      "throughput_over_time": null,
      "requests_throughput_over_time": null
    }
  ]
}