{
  "version": "0.3.8",
  "timestamp": "2026-07-03 13:52:01Z",
  "latency_mode": "none",
  "latency_ms": 0.0,
  "model": "Qwen/Qwen2.5-0.5B-Instruct",
  "prefix_caching_enabled": true,
  "max_concurrency": 1,
  "benchmarks": [
    {
      "concurrency": 1,
      "context_size": 1024,
      "prompt_size": 1024,
      "response_size": 1024,
      "is_context_prefill_phase": true,
      "pp_throughput": {
        "mean": 24401.110931297193,
        "std": 0.0,
        "values": [
          24401.110931297193
        ]
      },
      "pp_req_throughput": {
        "mean": 24401.110931297193,
        "std": 0.0,
        "values": [
          24401.110931297193
        ]
      },
      "tg_throughput": {
        "mean": 2.359277093331572,
        "std": 0.0,
        "values": [
          2.359277093331572
        ]
      },
      "tg_req_throughput": {
        "mean": 2.359277093331572,
        "std": 0.0,
        "values": [
          2.359277093331572
        ]
      },
      "peak_throughput": {
        "mean": 3.0,
        "std": 0.0,
        "values": [
          3.0
        ]
      },
      "peak_req_throughput": {
        "mean": 3.0,
        "std": 0.0,
        "values": [
          3.0
        ]
      },
      "ttfr": {
        "mean": 42.04726591706276,
        "std": 0.0,
        "values": [
          42.04726591706276
        ]
      },
      "est_ppt": {
        "mean": 42.04726591706276,
        "std": 0.0,
        "values": [
          42.04726591706276
        ]
      },
      "e2e_ttft": {
        "mean": 359177.1655604243,
        "std": 0.0,
        "values": [
          359177.1655604243
        ]
      },
      "throughput_over_time": null,
      "requests_throughput_over_time": null
    },
    {
      "concurrency": 1,
      "context_size": 1024,
      "prompt_size": 1024,
      "response_size": 1024,
      "is_context_prefill_phase": false,
      "pp_throughput": {
        "mean": 24436.146120163317,
        "std": 0.0,
        "values": [
          24436.146120163317
        ]
      },
      "pp_req_throughput": {
        "mean": 24436.146120163317,
        "std": 0.0,
        "values": [
          24436.146120163317
        ]
      },
      "tg_throughput": {
        "mean": 2.0683290078508025,
        "std": 0.0,
        "values": [
          2.0683290078508025
        ]
      },
      "tg_req_throughput": {
        "mean": 2.0683290078508025,
        "std": 0.0,
        "values": [
          2.0683290078508025
        ]
      },
      "peak_throughput": {
        "mean": 3.0,
        "std": 0.0,
        "values": [
          3.0
        ]
      },
      "peak_req_throughput": {
        "mean": 3.0,
        "std": 0.0,
        "values": [
          3.0
        ]
      },
      "ttfr": {
        "mean": 41.90513491630554,
        "std": 0.0,
        "values": [
          41.90513491630554
        ]
      },
      "est_ppt": {
        "mean": 41.90513491630554,
        "std": 0.0,
        "values": [
          41.90513491630554
        ]
      },
      "e2e_ttft": {
        "mean": 420147.3304089159,
        "std": 0.0,
        "values": [
          420147.3304089159
        ]
      },
      "throughput_over_time": null,
      "requests_throughput_over_time": null
    }
  ]
}