{
  "version": "0.3.8",
  "timestamp": "2026-07-03 11:41:24Z",
  "latency_mode": "generation",
  "latency_ms": 1.8619026620096217,
  "model": "Qwen/Qwen2.5-0.5B-Instruct",
  "prefix_caching_enabled": true,
  "max_concurrency": 1,
  "benchmarks": [
    {
      "concurrency": 1,
      "context_size": 512,
      "prompt_size": 512,
      "response_size": 512,
      "is_context_prefill_phase": true,
      "pp_throughput": null,
      "pp_req_throughput": null,
      "tg_throughput": {
        "mean": 12.855879417368559,
        "std": 0.0,
        "values": [
          12.855879417368559
        ]
      },
      "tg_req_throughput": {
        "mean": 12.855879417368559,
        "std": 0.0,
        "values": [
          12.855879417368559
        ]
      },
      "peak_throughput": {
        "mean": 16.0,
        "std": 0.0,
        "values": [
          16.0
        ]
      },
      "peak_req_throughput": {
        "mean": 16.0,
        "std": 0.0,
        "values": [
          16.0
        ]
      },
      "ttfr": {
        "mean": 1.0875000152736902,
        "std": 0.0,
        "values": [
          1.0875000152736902
        ]
      },
      "est_ppt": {
        "mean": 0.0,
        "std": 0.0,
        "values": [
          0.0
        ]
      },
      "e2e_ttft": {
        "mean": 26427.955375023885,
        "std": 0.0,
        "values": [
          26427.955375023885
        ]
      },
      "throughput_over_time": null,
      "requests_throughput_over_time": null
    },
    {
      "concurrency": 1,
      "context_size": 512,
      "prompt_size": 512,
      "response_size": 512,
      "is_context_prefill_phase": false,
      "pp_throughput": {
        "mean": 1400926.8468945909,
        "std": 0.0,
        "values": [
          1400926.8468945909
        ]
      },
      "pp_req_throughput": {
        "mean": 1400926.8468945909,
        "std": 0.0,
        "values": [
          1400926.8468945909
        ]
      },
      "tg_throughput": {
        "mean": 9.66141662341393,
        "std": 0.0,
        "values": [
          9.66141662341393
        ]
      },
      "tg_req_throughput": {
        "mean": 9.66141662341393,
        "std": 0.0,
        "values": [
          9.66141662341393
        ]
      },
      "peak_throughput": {
        "mean": 12.0,
        "std": 0.0,
        "values": [
          12.0
        ]
      },
      "peak_req_throughput": {
        "mean": 12.0,
        "std": 0.0,
        "values": [
          12.0
        ]
      },
      "ttfr": {
        "mean": 2.227374992799014,
        "std": 0.0,
        "values": [
          2.227374992799014
        ]
      },
      "est_ppt": {
        "mean": 0.3654723307893921,
        "std": 0.0,
        "values": [
          0.3654723307893921
        ]
      },
      "e2e_ttft": {
        "mean": 39347.65612499905,
        "std": 0.0,
        "values": [
          39347.65612499905
        ]
      },
      "throughput_over_time": null,
      "requests_throughput_over_time": null
    }
  ]
}