{
  "version": "0.3.8",
  "timestamp": "2026-07-02 19:23:24Z",
  "latency_mode": "none",
  "latency_ms": 0.0,
  "model": "Qwen/Qwen2.5-0.5B-Instruct",
  "prefix_caching_enabled": false,
  "max_concurrency": 1,
  "benchmarks": [
    {
      "concurrency": 1,
      "context_size": 0,
      "prompt_size": 512,
      "response_size": 512,
      "is_context_prefill_phase": false,
      "pp_throughput": {
        "mean": 570285.7620520669,
        "std": 0.0,
        "values": [
          570285.7620520669
        ]
      },
      "pp_req_throughput": {
        "mean": 570285.7620520669,
        "std": 0.0,
        "values": [
          570285.7620520669
        ]
      },
      "tg_throughput": {
        "mean": 12.425758423855232,
        "std": 0.0,
        "values": [
          12.425758423855232
        ]
      },
      "tg_req_throughput": {
        "mean": 12.425758423855232,
        "std": 0.0,
        "values": [
          12.425758423855232
        ]
      },
      "peak_throughput": {
        "mean": 16.0,
        "std": 0.0,
        "values": [
          16.0
        ]
      },
      "peak_req_throughput": {
        "mean": 16.0,
        "std": 0.0,
        "values": [
          16.0
        ]
      },
      "ttfr": {
        "mean": 0.8960420091170818,
        "std": 0.0,
        "values": [
          0.8960420091170818
        ]
      },
      "est_ppt": {
        "mean": 0.8960420091170818,
        "std": 0.0,
        "values": [
          0.8960420091170818
        ]
      },
      "e2e_ttft": {
        "mean": 27067.03629202093,
        "std": 0.0,
        "values": [
          27067.03629202093
        ]
      },
      "throughput_over_time": null,
      "requests_throughput_over_time": null
    }
  ]
}