{
  "version": "0.3.8",
  "timestamp": "2026-07-03 11:38:21Z",
  "latency_mode": "generation",
  "latency_ms": 1.5509030005584161,
  "model": "Qwen/Qwen2.5-0.5B-Instruct",
  "prefix_caching_enabled": true,
  "max_concurrency": 1,
  "benchmarks": [
    {
      "concurrency": 1,
      "context_size": 256,
      "prompt_size": 256,
      "response_size": 256,
      "is_context_prefill_phase": true,
      "pp_throughput": null,
      "pp_req_throughput": null,
      "tg_throughput": {
        "mean": 17.35506225396845,
        "std": 0.0,
        "values": [
          17.35506225396845
        ]
      },
      "tg_req_throughput": {
        "mean": 17.35506225396845,
        "std": 0.0,
        "values": [
          17.35506225396845
        ]
      },
      "peak_throughput": {
        "mean": 20.0,
        "std": 0.0,
        "values": [
          20.0
        ]
      },
      "peak_req_throughput": {
        "mean": 20.0,
        "std": 0.0,
        "values": [
          20.0
        ]
      },
      "ttfr": {
        "mean": 0.9300830133724958,
        "std": 0.0,
        "values": [
          0.9300830133724958
        ]
      },
      "est_ppt": {
        "mean": 0.0,
        "std": 0.0,
        "values": [
          0.0
        ]
      },
      "e2e_ttft": {
        "mean": 11682.690542016644,
        "std": 0.0,
        "values": [
          11682.690542016644
        ]
      },
      "throughput_over_time": null,
      "requests_throughput_over_time": null
    },
    {
      "concurrency": 1,
      "context_size": 256,
      "prompt_size": 256,
      "response_size": 256,
      "is_context_prefill_phase": false,
      "pp_throughput": {
        "mean": 193047.71951642277,
        "std": 0.0,
        "values": [
          193047.71951642277
        ]
      },
      "pp_req_throughput": {
        "mean": 193047.71951642277,
        "std": 0.0,
        "values": [
          193047.71951642277
        ]
      },
      "tg_throughput": {
        "mean": 14.184121410078298,
        "std": 0.0,
        "values": [
          14.184121410078298
        ]
      },
      "tg_req_throughput": {
        "mean": 14.184121410078298,
        "std": 0.0,
        "values": [
          14.184121410078298
        ]
      },
      "peak_throughput": {
        "mean": 16.0,
        "std": 0.0,
        "values": [
          16.0
        ]
      },
      "peak_req_throughput": {
        "mean": 16.0,
        "std": 0.0,
        "values": [
          16.0
        ]
      },
      "ttfr": {
        "mean": 2.8769999917130917,
        "std": 0.0,
        "values": [
          2.8769999917130917
        ]
      },
      "est_ppt": {
        "mean": 1.3260969911546756,
        "std": 0.0,
        "values": [
          1.3260969911546756
        ]
      },
      "e2e_ttft": {
        "mean": 14931.81700000423,
        "std": 0.0,
        "values": [
          14931.81700000423
        ]
      },
      "throughput_over_time": null,
      "requests_throughput_over_time": null
    }
  ]
}