{
  "version": "0.3.8",
  "timestamp": "2026-07-03 10:09:21Z",
  "latency_mode": "none",
  "latency_ms": 0.0,
  "model": "Qwen/Qwen2.5-0.5B-Instruct",
  "prefix_caching_enabled": true,
  "max_concurrency": 1,
  "benchmarks": [
    {
      "concurrency": 1,
      "context_size": 512,
      "prompt_size": 512,
      "response_size": 512,
      "is_context_prefill_phase": true,
      "pp_throughput": {
        "mean": 12395.835346197733,
        "std": 0.0,
        "values": [
          12395.835346197733
        ]
      },
      "pp_req_throughput": {
        "mean": 12395.835346197733,
        "std": 0.0,
        "values": [
          12395.835346197733
        ]
      },
      "tg_throughput": {
        "mean": 2.6737464676715987,
        "std": 0.0,
        "values": [
          2.6737464676715987
        ]
      },
      "tg_req_throughput": {
        "mean": 2.6737464676715987,
        "std": 0.0,
        "values": [
          2.6737464676715987
        ]
      },
      "peak_throughput": {
        "mean": 3.0,
        "std": 0.0,
        "values": [
          3.0
        ]
      },
      "peak_req_throughput": {
        "mean": 3.0,
        "std": 0.0,
        "values": [
          3.0
        ]
      },
      "ttfr": {
        "mean": 41.46553948521614,
        "std": 0.0,
        "values": [
          41.46553948521614
        ]
      },
      "est_ppt": {
        "mean": 41.46553948521614,
        "std": 0.0,
        "values": [
          41.46553948521614
        ]
      },
      "e2e_ttft": {
        "mean": 173297.98009619117,
        "std": 0.0,
        "values": [
          173297.98009619117
        ]
      },
      "throughput_over_time": null,
      "requests_throughput_over_time": null
    },
    {
      "concurrency": 1,
      "context_size": 512,
      "prompt_size": 512,
      "response_size": 512,
      "is_context_prefill_phase": false,
      "pp_throughput": {
        "mean": 12412.785471583771,
        "std": 0.0,
        "values": [
          12412.785471583771
        ]
      },
      "pp_req_throughput": {
        "mean": 12412.785471583771,
        "std": 0.0,
        "values": [
          12412.785471583771
        ]
      },
      "tg_throughput": {
        "mean": 2.453705390926701,
        "std": 0.0,
        "values": [
          2.453705390926701
        ]
      },
      "tg_req_throughput": {
        "mean": 2.453705390926701,
        "std": 0.0,
        "values": [
          2.453705390926701
        ]
      },
      "peak_throughput": {
        "mean": 3.0,
        "std": 0.0,
        "values": [
          3.0
        ]
      },
      "peak_req_throughput": {
        "mean": 3.0,
        "std": 0.0,
        "values": [
          3.0
        ]
      },
      "ttfr": {
        "mean": 41.24779254198074,
        "std": 0.0,
        "values": [
          41.24779254198074
        ]
      },
      "est_ppt": {
        "mean": 41.24779254198074,
        "std": 0.0,
        "values": [
          41.24779254198074
        ]
      },
      "e2e_ttft": {
        "mean": 192137.6290731132,
        "std": 0.0,
        "values": [
          192137.6290731132
        ]
      },
      "throughput_over_time": null,
      "requests_throughput_over_time": null
    }
  ]
}